Id;Hora de inicio;Hora de finalización;Correo electrónico;Nombre;Total de puntos;Comentarios del cuestionario;Hora de publicación de la calificación;Indique su nombre completo;Puntos: Indique su nombre completo;Comentarios: Indique su nombre completo;Digite su número de cedula;Puntos: Digite su número de cedula;Comentarios: Digite su número de cedula;¿En que rango de edad se encuentra?;Puntos: ¿En que rango de edad se encuentra?;Comentarios: ¿En que rango de edad se encuentra?;Por favor actualice su número de contacto telefónico;Puntos: Por favor actualice su número de contacto telefónico;Comentarios: Por favor actualice su número de contacto telefónico;¿En qué énfasis se encuentra inscrito?;Puntos: ¿En qué énfasis se encuentra inscrito?;Comentarios: ¿En qué énfasis se encuentra inscrito?;¿En qué Modalidad o Metodología se encuentra inscrito?;Puntos: ¿En qué Modalidad o Metodología se encuentra inscrito?;Comentarios: ¿En qué Modalidad o Metodología se encuentra inscrito?;Las competencias adquiridas durante mi formación en la maestría (técnicas, investigativas, pedagógicas, etc.) han sido suficientes y relevantes para mi desarrollo profesional.;Puntos: Las competencias adquiridas durante mi formación en la maestría (técnicas, investigativas, pedagógicas, etc.) han sido suficientes y relevantes para mi desarrollo profesional.;Comentarios: Las competencias adquiridas durante mi formación en la maestría (técnicas, investigativas, pedagógicas, etc.) han sido suficientes y relevantes para mi desarrollo profesional.;Considero que mi formación en la maestría ha influido positivamente en mi desarrollo profesional, así como en la mejora de oportunidades en mi campo laboral.;Puntos: Considero que mi formación en la maestría ha influido positivamente en mi desarrollo profesional, así como en la mejora de oportunidades en mi campo laboral.;Comentarios: Considero que mi formación en la maestría ha influido positivamente en mi desarrollo profesional, así como en la mejora de oportunidades en mi campo laboral.;¿Qué aspectos de la Maestría en Ciencias de la Información y las Comunicaciones considerarías mejorar para incrementar la pertinencia del perfil de formación y las competencias adquiridas para el desa;Puntos: ¿Qué aspectos de la Maestría en Ciencias de la Información y las Comunicaciones considerarías mejorar para incrementar la pertinencia del perfil de formación y las competencias adquiridas para el desa;Comentarios: ¿Qué aspectos de la Maestría en Ciencias de la Información y las Comunicaciones considerarías mejorar para incrementar la pertinencia del perfil de formación y las competencias adquiridas para el desa;Considero que las estrategias de flexibilidad curricular me permitieron personalizar mi formación de acuerdo con mis objetivos profesionales y académicos.;Puntos: Considero que las estrategias de flexibilidad curricular me permitieron personalizar mi formación de acuerdo con mis objetivos profesionales y académicos.;Comentarios: Considero que las estrategias de flexibilidad curricular me permitieron personalizar mi formación de acuerdo con mis objetivos profesionales y académicos.;¿Podrías proporcionar ejemplos específicos de cómo las rutas de formación alternativas te beneficiaron para tu desarrollo académico y profesional?;Puntos: ¿Podrías proporcionar ejemplos específicos de cómo las rutas de formación alternativas te beneficiaron para tu desarrollo académico y profesional?;Comentarios: ¿Podrías proporcionar ejemplos específicos de cómo las rutas de formación alternativas te beneficiaron para tu desarrollo académico y profesional?;Considero que la interacción con homólogos nacionales e internacionales me permitió mejorar mis competencias académicas y científicas, así como las oportunidades de desarrollo profesional.;Puntos: Considero que la interacción con homólogos nacionales e internacionales me permitió mejorar mis competencias académicas y científicas, así como las oportunidades de desarrollo profesional.;Comentarios: Considero que la interacción con homólogos nacionales e internacionales me permitió mejorar mis competencias académicas y científicas, así como las oportunidades de desarrollo profesional.;¿Podrías proporcionar ejemplos específicos de proyectos, investigaciones o colaboraciones exitosas que resultaron de la cooperación académica y científica promovida por la Maestría en Ciencias de la I;Puntos: ¿Podrías proporcionar ejemplos específicos de proyectos, investigaciones o colaboraciones exitosas que resultaron de la cooperación académica y científica promovida por la Maestría en Ciencias de la I;Comentarios: ¿Podrías proporcionar ejemplos específicos de proyectos, investigaciones o colaboraciones exitosas que resultaron de la cooperación académica y científica promovida por la Maestría en Ciencias de la I;Considero que el representante estudiantil y de egresados en los diferentes escenarios institucionales, ha sido valorada y ha influido en las decisiones orientadas al mejoramiento de la Maestría en Ci;Puntos: Considero que el representante estudiantil y de egresados en los diferentes escenarios institucionales, ha sido valorada y ha influido en las decisiones orientadas al mejoramiento de la Maestría en Ci;Comentarios: Considero que el representante estudiantil y de egresados en los diferentes escenarios institucionales, ha sido valorada y ha influido en las decisiones orientadas al mejoramiento de la Maestría en Ci;¿Cuál es su campo laboral actual?;Puntos: ¿Cuál es su campo laboral actual?;Comentarios: ¿Cuál es su campo laboral actual?;¿En qué sector se desempeña su trabajo actual?;Puntos: ¿En qué sector se desempeña su trabajo actual?;Comentarios: ¿En qué sector se desempeña su trabajo actual?;¿El trabajo que realiza actualmente se relaciona directamente con los conocimientos adquiridos en la maestría?;Puntos: ¿El trabajo que realiza actualmente se relaciona directamente con los conocimientos adquiridos en la maestría?;Comentarios: ¿El trabajo que realiza actualmente se relaciona directamente con los conocimientos adquiridos en la maestría?;¿Siente que la maestría te ha abierto nuevas oportunidades laborales?;Puntos: ¿Siente que la maestría te ha abierto nuevas oportunidades laborales?;Comentarios: ¿Siente que la maestría te ha abierto nuevas oportunidades laborales?;¿Podría indicar el nombre de la empresa/compañía con la que labora actualmente?;Puntos: ¿Podría indicar el nombre de la empresa/compañía con la que labora actualmente?;Comentarios: ¿Podría indicar el nombre de la empresa/compañía con la que labora actualmente?;"Como parte del proceso de autoevaluación y Acreditación de Alta Calidad, la Universidad requiere contactar a los empleadores de nuestros estudiantes. 
Por lo tanto, le solicitamos de ser posible, prop";"Puntos: Como parte del proceso de autoevaluación y Acreditación de Alta Calidad, la Universidad requiere contactar a los empleadores de nuestros estudiantes. 
Por lo tanto, le solicitamos de ser posible, prop";"Comentarios: Como parte del proceso de autoevaluación y Acreditación de Alta Calidad, la Universidad requiere contactar a los empleadores de nuestros estudiantes. 
Por lo tanto, le solicitamos de ser posible, prop"
1;03/03/2025 12:24;03/03/2025 12:26;anonymous;;;;;Julio Armando Cuellar Gutierrez;0;;1032423220;0;;31 a 40;0;;34634043974;0;;Geomtatica;0;;Investigación;0;;Totalmente de acuerdo.;0;;Totalmente de acuerdo.;0;;Profesionales excelente profesores ;0;;Totalmente de acuerdo.;0;;Es flexible ;0;;Totalmente de acuerdo.;0;;Estoy haciendo el doctorado fuera del país ;0;;Totalmente de acuerdo.;0;;Ingeniera ;0;;Sector primario (agricultura, ganadería, pesca, minería);0;;Totalmente de acuerdo.;0;;Totalmente de acuerdo.;0;;Faro;0;;Shawn Smith ;0;
2;03/03/2025 12:26;03/03/2025 12:30;anonymous;;;;;José Daniel Peña Meneses;0;;80111613;0;;41 a 50;0;;3163944253;0;;Ingeniería de Software;0;;Profundización;0;;En desacuerdo.;0;;De acuerdo.;0;;Darle un enfoque más hacia lo gerencia que lo técnico;0;;De acuerdo.;0;;Me permitió escoger las areas de mi preferencia.;0;;Ni en acuerdo, ni en desacuerdo.;0;;Ninguna;0;;Totalmente en desacuerdo.;0;;Arquitecto de soluciones;0;;Tecnología (desarrollo de software, IA, ciberseguridad, telecomunicaciones);0;;De acuerdo.;0;;De acuerdo.;0;;PersonalSoft;0;;NA;0;
3;03/03/2025 12:26;03/03/2025 12:30;anonymous;;;;;Justo Reinaldo Arias omaña;0;;88197450;0;;51 o más;0;;3133680989;0;;Sistemas de información;0;;Investigación;0;;Totalmente de acuerdo.;0;;Totalmente de acuerdo.;0;;Más énfasis en AI;0;;Totalmente de acuerdo.;0;;Variedad de tópicos de TI de punta;0;;Totalmente de acuerdo.;0;;NA;0;;Totalmente de acuerdo.;0;;Docencia;0;;Sector terciario (comercio, servicios: educación, salud, finanzas, etc.);0;;Totalmente de acuerdo.;0;;Totalmente de acuerdo.;0;;Prefiero no incluirlo;0;;Prefiero no participar;0;
4;03/03/2025 12:25;03/03/2025 12:30;anonymous;;;;;Wilmer Alberto Figueredo Rodríguez ;0;;1010175883;0;;31 a 40;0;;3112110231;0;;Teleinformatica;0;;Investigación;0;;Totalmente de acuerdo.;0;;Ni en acuerdo, ni en desacuerdo.;0;;Plan de integración en proyectos de investigación post académica;0;;Totalmente de acuerdo.;0;; ;0;;De acuerdo.;0;; ;0;;De acuerdo.;0;;Ingeniería de telecomunicaciones, ventas ;0;;Tecnología (desarrollo de software, IA, ciberseguridad, telecomunicaciones);0;;Ni en acuerdo, ni en desacuerdo.;0;;Ni en acuerdo, ni en desacuerdo.;0;;HP INC;0;; ;0;
5;03/03/2025 12:27;03/03/2025 12:32;anonymous;;;;;IVAN ANDRES REYES GOMEZ;0;;80803723;0;;31 a 40;0;;3134264500;0;;Geomtatica;0;;Investigación;0;;Totalmente de acuerdo.;0;;Totalmente de acuerdo.;0;;Programación;0;;Ni en acuerdo, ni en desacuerdo.;0;;Se tienen diferentes enfoques de un mismo problema y se puede tomar la decisión más adecuada ;0;;De acuerdo.;0;;No;0;;Ni en acuerdo, ni en desacuerdo.;0;;SIG y análisis de datos;0;;Sector público (administración pública, gobierno);0;;De acuerdo.;0;;Ni en acuerdo, ni en desacuerdo.;0;;Empresa de Acueducto y Alcantarillado de Bogotá ;0;;No;0;
6;03/03/2025 12:40;03/03/2025 12:45;anonymous;;;;;J. Camilo Matiz Leon;0;;80075955;0;;31 a 40;0;;3002902743;0;;Geomtatica;0;;Investigación;0;;De acuerdo.;0;;De acuerdo.;0;;Mejorar la interacción con instituciones, asesores, expertos, entre otros, en funión del tema central seleccionado para la tesis, y la oferte de asignaturas que contribuyan;0;;En desacuerdo.;0;;No me beneficieron debido a que solcitie asignaturas que me ayudarian en mi propuesta de investigación pero no fue posible abrirlas por que esta materia sería dictada solo para 1 estudiante;0;;De acuerdo.;0;;De acuerdo con la afirmación pero en mi periodo de estudiante no hubo un interlocutar en el tema de mi propuesta de investigación que me proporcionara la Maestría o la Universidad;0;;Ni en acuerdo, ni en desacuerdo.;0;;Investigador en Geotermia;0;;Sector público (administración pública, gobierno);0;;De acuerdo.;0;;Ni en acuerdo, ni en desacuerdo.;0;;UIS, UPTC, ANH;0;;N/A;0;
7;03/03/2025 12:52;03/03/2025 13:00;anonymous;;;;;Daniela Martin Vega;0;;1018465807;0;;31 a 40;0;;3059399347;0;;Ingeniería de Software;0;;Investigación;0;;De acuerdo.;0;;Totalmente de acuerdo.;0;;Cursos más actualizados y profundos en el área de aprendizaje de máquina;0;;Totalmente de acuerdo.;0;;-;0;;De acuerdo.;0;;-;0;;Ni en acuerdo, ni en desacuerdo.;0;;Investigación en ciencias de la computación - visión por computador;0;;Tecnología (desarrollo de software, IA, ciberseguridad, telecomunicaciones);0;;Totalmente de acuerdo.;0;;Totalmente de acuerdo.;0;;University of Delaware;0;;Mi jefe no habla español. Si igual lo quieren contactar háganme saber por correo;0;
8;03/03/2025 13:03;03/03/2025 13:12;anonymous;;;;;Jesús Manuel Paternina Durán;0;;80095218;0;;41 a 50;0;;3112655969;0;;Teleinformatica;0;;Investigación;0;;Totalmente de acuerdo.;0;;Totalmente de acuerdo.;0;;Hubiera sido bueno incluir en las materias temáticas asociadas con seguridad de la información.;0;;Totalmente de acuerdo.;0;;El relacionamiento con los grupos de investigación me permitieron fortalecer proyectos de los que, hasta el día de hoy, continúan aportando a mi ejercicio profesional.;0;;Totalmente de acuerdo.;0;;Publicaciones y oportunidades profesionales.;0;;De acuerdo.;0;;Ingeniería de telecomunicaciones, software y seguridad de la información. Adicionalmente promuevo la integración entre la ingeniería y la cultura a través de la literatura.;0;;Tecnología (desarrollo de software, IA, ciberseguridad, telecomunicaciones);0;;Totalmente de acuerdo.;0;;Totalmente de acuerdo.;0;;Universidad Distrital Francisco José de Caldas, Universidad Católica de Colombia, ESTIC de la Policía Nacional y Calixta Editores.;0;;Coordinación tecnología en sistematización datos e ingeniería - tecsistematizaciondatos@udistrital.edu.co;0;
9;03/03/2025 13:22;03/03/2025 13:32;anonymous;;;;;John Jairo Daza Rojas;0;;1024496366;0;;31 a 40;0;;3012145332;0;;Ingeniería de Software;0;;Profundización;0;;En desacuerdo.;0;;En desacuerdo.;0;;Muchas, la maestría tiene un programa académico obsoleto ,desactualizado y desalineado con las tecnologías que se demandan actualmente en el mercado laboral;0;;En desacuerdo.;0;;La maestría no está formando para las tendencias actuales, está muy atrás de los enfoques académicos que tienen otras universidades , la asesoría y acompañamiento que la maestría brinda a los estudiantes   no es suficiente ,desde mi punto de vista está muy alejada de la realidad de las necesidades de las empresas;0;;Totalmente en desacuerdo.;0;;Ninguna;0;;Totalmente en desacuerdo.;0;;Arquitectura de software;0;;Tecnología (desarrollo de software, IA, ciberseguridad, telecomunicaciones);0;;De acuerdo.;0;;En desacuerdo.;0;;Confidencial;0;;Confidencial;0;
10;03/03/2025 13:36;03/03/2025 13:43;anonymous;;;;;María Alejandra Quevedo Vera;0;;1032358776;0;;31 a 40;0;;3008751301;0;;Teleinformatica;0;;Investigación;0;;Totalmente de acuerdo.;0;;Totalmente de acuerdo.;0;;En general solo mejoraría la parte administrativa, el contacto con el estudiante deja mucho que desear y francamente es lo único que me detiene para cursar otros estudios de nuevo en la UD.;0;;Totalmente de acuerdo.;0;;Pude elegir materias de mi interés que se complementaban y que pude poner en práctica no sólo en el desarrollo de mi tesis sino en mi día a día laboral.;0;;Ni en acuerdo, ni en desacuerdo.;0;;No tuve oportunidad de tener la experiencia con homólogos nacionales ni internacionales pero seguramente quienes sí, habrán tenido una experiencia enriquecedora ;0;;De acuerdo.;0;;Trabajo en una empresa de servicios financieros y yo estoy en la dirección de medios de pago, como liderazgo técnico de proyectos ;0;;Sector terciario (comercio, servicios: educación, salud, finanzas, etc.);0;;De acuerdo.;0;;De acuerdo.;0;;Davivienda;0;;No es posible ;0;
11;03/03/2025 12:50;03/03/2025 13:45;anonymous;;;;;Hernán Darío Zárate Arévalo;0;;79992153;0;;41 a 50;0;;3177825051;0;;Geomtatica;0;;Investigación;0;;Totalmente de acuerdo.;0;;Totalmente de acuerdo.;0;;Poder conservar el correo institucional ya que lo serraron sin previo aviso y se perdió informscion;0;;De acuerdo.;0;;No;0;;Totalmente de acuerdo.;0;;No;0;;En desacuerdo.;0;;Ambiental;0;;Sector público (administración pública, gobierno);0;;De acuerdo.;0;;De acuerdo.;0;;Goberncion del huila;0;;No;0;
12;03/03/2025 13:56;03/03/2025 14:05;anonymous;;;;;Jorge Fernando Soler Lopez;0;;74085494;0;;31 a 40;0;;3002577463;0;;Ingeniería de Software;0;;Investigación;0;;Totalmente de acuerdo.;0;;Totalmente de acuerdo.;0;;Articulación de la Maestría con el Doctorado;0;;Totalmente de acuerdo.;0;;Pertenecer el Grupo de Investigación GICOGE me ayudo a enfocar y publicar un artículo científico en una revista internacional;0;;Totalmente de acuerdo.;0;;Publicación del articulo “CAMBIO DE PARADIGMAS EN INGENIERIA DE REQUISITOS DESDE EL ENFOQUE DE BPM” (authors: Jorge Fernando Soler López, José Nelson Pérez Castillo) en RISTI y presentación oral;0;;Totalmente de acuerdo.;0;;Servidor Publico del Estado Colombiano;0;;Sector público (administración pública, gobierno);0;;De acuerdo.;0;;Totalmente de acuerdo.;0;;Departamento Administrativo para la Prosperidad Social;0;;No me encuentro autorizado para brindar dicha información;0;
13;03/03/2025 13:51;03/03/2025 14:08;anonymous;;;;;SEBASTIAN CAMILO VANEGAS AYALA;0;;1026591661;0;;25 a 30;0;;3174849419;0;;Ingeniería de Software;0;;Investigación;0;;Totalmente de acuerdo.;0;;Totalmente de acuerdo.;0;;Revisar el enfoque de vinculación entre pregado y doctorado, en el enfasís de investigación, orientandolo a una articulación completa de saberes y espacios que apoyen el trabajo de investigación, de esta forma reducir los tiempos de permanencia por trabajo de grado;0;;Ni en acuerdo, ni en desacuerdo.;0;;La ruta de formación en ingeniería de software reforzo los conocimientos necesarios para el proyecto investigativo.;0;;Ni en acuerdo, ni en desacuerdo.;0;;No existio en pandemía mucho desarrollo en este campo.;0;;Ni en acuerdo, ni en desacuerdo.;0;;Docente;0;;Sector terciario (comercio, servicios: educación, salud, finanzas, etc.);0;;Totalmente de acuerdo.;0;;Totalmente de acuerdo.;0;;Universidad Distrital Francisco José de Caldas;0;;decano_ing@udistrital.edu.co;0;
14;03/03/2025 14:07;03/03/2025 14:15;anonymous;;;;;Hans Rodríguez Cossio ;0;;79999284;0;;41 a 50;0;;3138706113;0;;Teleinformatica;0;;Profundización;0;;Totalmente de acuerdo.;0;;De acuerdo.;0;;Foco hacia IA, ML y analitica a los temas de redes y telecomunicaciones ;0;;Totalmente de acuerdo.;0;;Durante la pandemia la opción no presencial me permitió concluir mis estudios de maestría, pese a vivir fuera de Bogotá.;0;;Ni en acuerdo, ni en desacuerdo.;0;;No tuve la interacción que mencionan.;0;;Ni en acuerdo, ni en desacuerdo.;0;;Ingeniería en telecomunicaciones ;0;;Tecnología (desarrollo de software, IA, ciberseguridad, telecomunicaciones);0;;Totalmente de acuerdo.;0;;De acuerdo.;0;;Claro;0;;Julio Zabaleta - Gerente de planeación evolución y estrategia - julio.zabaleta@claro.com.co - 3135321456;0;
15;03/03/2025 14:35;03/03/2025 14:40;anonymous;;;;;Manuel Antonio Vargas Anzola;0;;79810570;0;;41 a 50;0;;3118112951;0;;Ingeniería de Software;0;;Profundización;0;;De acuerdo.;0;;De acuerdo.;0;;Actualizar el pensum, incluir contenidos acordes a las tendencias actuales.  Ya algunos están quedando obsoletos. ;0;;De acuerdo.;0;;Profundizacion en ing de software. ;0;;Ni en acuerdo, ni en desacuerdo.;0;;NA;0;;Ni en acuerdo, ni en desacuerdo.;0;;Industria del desarrollo de software. ;0;;Tecnología (desarrollo de software, IA, ciberseguridad, telecomunicaciones);0;;Ni en acuerdo, ni en desacuerdo.;0;;Ni en acuerdo, ni en desacuerdo.;0;;Globant;0;;N/A;0;
16;03/03/2025 14:41;03/03/2025 14:48;anonymous;;;;;Juan Carlos Delgadillo Beltran;0;;79576961;0;;51 o más;0;;3108599918;0;;Teleinformatica;0;;Profundización;0;;Totalmente de acuerdo.;0;;Totalmente de acuerdo.;0;;realizar enfoque con el fin que desde el comienzo de la maestría sea direccionado para la investigación o profundización;0;;Totalmente de acuerdo.;0;;telecomunicacion;0;;De acuerdo.;0;;investigación de 5g;0;;De acuerdo.;0;;Ingeniero sistemas;0;;Sector público (administración pública, gobierno);0;;De acuerdo.;0;;De acuerdo.;0;;Rama Judicial;0;;Diego Victorino;0;
17;03/03/2025 15:08;03/03/2025 15:21;anonymous;;;;;Camilo Andrés Porras Martin ;0;;1018454307;0;;31 a 40;0;;3102537814;0;;Geomtatica;0;;Investigación;0;;Totalmente de acuerdo.;0;;Totalmente de acuerdo.;0;;Trabajar elecetivas acorde a las tecnologias emergentes, IA, blockchain, Nube, IoT, ciberseguridad;0;;Totalmente de acuerdo.;0;;Crecimiento profesional y certificaciones técnicas en tecnologías de análisis de la información ;0;;De acuerdo.;0;;Determinación del factor de cambio en el glaciar de la Sierra Nevada de Santa Marta, a partir de regiones en movimiento en bases de datos espacio temporales;0;;Totalmente de acuerdo.;0;;Ingeniería y arquitectura de software SIG;0;;Tecnología (desarrollo de software, IA, ciberseguridad, telecomunicaciones);0;;Totalmente de acuerdo.;0;;Totalmente de acuerdo.;0;;Esri Colombia;0;;Adriana Ruiz - Gerente de servicios profesionales - adruiz@esri.co - +57 601-6501550;0;
18;03/03/2025 15:58;03/03/2025 16:09;anonymous;;;;;Árnol Guerrero Calderón;0;;3217282;0;;41 a 50;0;;3168229084;0;;Ingeniería de Software;0;;Investigación;0;;De acuerdo.;0;;De acuerdo.;0;;Cada uno de los procesos existentes dentro de la maestría, debería estar detallado bien sea, en el sitiop web del programa o en un sistema de gestión de conocimiento, de tal suerte que el estudiantado pueda investigar en dichas fuentes la manera correcta de adelantar cualquier trámite... las ayudas actuales no son muy disientes no explicativas, por lo tanto sugiero la gestión de un buen repositorio de conocimiento y de flujos de procesos que permitan la guía automatizada y con poca oportunidad de respuesta.;0;;De acuerdo.;0;;NA;0;;De acuerdo.;0;;NA;0;;Ni en acuerdo, ni en desacuerdo.;0;;INTELIGENCIA ARTIFICIAL, METODOLOGÍAS ÁGILES, TRANSFORMACIÓN DIGITAL, GESTIÓN DE SISTEMAS DE INFORMACIÓN, ARQUITECTURA DE SOLUCIONES, INGENIERÍA DE SOFTWARE, ETC.;0;;Sector público (administración pública, gobierno);0;;Totalmente de acuerdo.;0;;De acuerdo.;0;;UNIDAD DE GESTIÓN PENSIONAL Y PARAFISCALES DE COLOMBIA - UGPP / COORDINADOR DE ARTQUITECTURA DE SOLUCIONES TI y LÍDER DEL CENTRO DE EXCELENCIA EN IA;0;;EDWIN MUÑOZ ARISTIZABAL - DIRECTOR DE LA DGTI - emunoza@ugpp.gov.co;0;
19;03/03/2025 15:06;03/03/2025 18:48;anonymous;;;;;TATIANA MORALES VEGA;0;;52779302;0;;41 a 50;0;;3006956995;0;;Teleinformatica;0;;Investigación;0;;De acuerdo.;0;;De acuerdo.;0;;Actualizacion del plan de estudios y ampliacion del portafolio de electivas, que contemple las necesidades de la industria, potencializando con expertos que permitan la implementacion de proyectos de grado a traves de convenios con diferentes empresas o entidades ;0;;De acuerdo.;0;;No;0;;De acuerdo.;0;;No;0;;Ni en acuerdo, ni en desacuerdo.;0;;TIC, Analitica de Datos, Sistemas de Informacion y Plataformas de Gestion, GCP;0;;Sector público (administración pública, gobierno);0;;De acuerdo.;0;;Ni en acuerdo, ni en desacuerdo.;0;;TRANSMILENIO.S.A.;0;;RAFAEL VALDEZ - 301 2425452;0;
20;04/03/2025 9:57;04/03/2025 10:03;anonymous;;;;;ana carolina rodriguez cediel;0;;1014199332;0;;31 a 40;0;;3004974679;0;;Teleinformatica;0;;Investigación;0;;De acuerdo.;0;;De acuerdo.;0;;PASANTÍAS OBLIGATORIAS PARA LOS DOS ÉNFASIS;0;;De acuerdo.;0;;participación en convocatorias internas;0;;De acuerdo.;0;;CIDC proporcionó apoyo económinco en la investigación ;0;;De acuerdo.;0;;docencia y consultoría;0;;Otro;0;;Ni en acuerdo, ni en desacuerdo.;0;;Ni en acuerdo, ni en desacuerdo.;0;;Independiente;0;;Actualmente me encuentro estudiando el doctorado y trabajando como independiente;0;
21;04/03/2025 17:25;04/03/2025 17:28;anonymous;;;;;Andres Julian Moreno Moreno;0;;1032431630;0;;31 a 40;0;;3125857720;0;;Sistemas de información;0;;Investigación;0;;De acuerdo.;0;;Totalmente de acuerdo.;0;;Acceso a más herramientas e infraestructura de investigación ;0;;De acuerdo.;0;;Mis rutas fueron las tradicionales en línea de investigación ;0;;Totalmente de acuerdo.;0;;Tuve la oportunidad de presentar una ponencia internacional, es fundamental para el desarrollo y validación de las investigaciones ;0;;En desacuerdo.;0;;Asesor de tecnologías ;0;;Tecnología (desarrollo de software, IA, ciberseguridad, telecomunicaciones);0;;Totalmente de acuerdo.;0;;De acuerdo.;0;;Independiente ;0;;NA ;0;
22;06/03/2025 14:39;06/03/2025 14:49;anonymous;;;;;Javier Orlando Fernández Campos;0;;1077147477;0;;31 a 40;0;;3503380110;0;;Geomtatica;0;;Investigación;0;;Totalmente de acuerdo.;0;;Totalmente de acuerdo.;0;;Considero pertinente incrementar las materias relacionadas con Inteligencia Artificial (IA) y desarrollo de software, con un enfoque específico en el análisis y procesamiento de datos espaciales, dentro del plan de estudios de la Maestría en Ciencias de la Información y las Comunicaciones.  El auge de tecnologías como la teledetección, los sistemas de información geográfica (SIG) y el análisis geoespacial en diversas industrias hace necesario fortalecer la formación en estas áreas. Incluir asignaturas sobre modelado y análisis de datos espaciales, machine learning aplicado a geodatos, desarrollo de software para SIG y visualización avanzada de datos geoespaciales permitiría a los egresados desarrollar competencias más alineadas con las necesidades del mercado.;0;;Totalmente de acuerdo.;0;;Dentro de mi formación, la posibilidad de cursar materias de distintas profundizaciones me permitió conocer más sobre aspectos relevantes para mi tema de investigación. Esta flexibilidad académica me ayudó a complementar mi enfoque principal con conocimientos de otras áreas, enriqueciendo mi comprensión y permitiéndome abordar mi investigación desde una perspectiva más amplia e interdisciplinaria.;0;;Totalmente de acuerdo.;0;;Tuve la oportunidad de realizar mi investigación en colaboración con profesionales expertos en Bélgica y otros países, gracias a la posibilidad de nombrarlos como codirectores de investigación dentro de la Maestría en Ciencias de la Información y las Comunicaciones. Esta cooperación académica y científica me permitió enriquecer mi trabajo con enfoques y metodologías innovadoras, además de acceder a redes de conocimiento internacional.;0;;Ni en acuerdo, ni en desacuerdo.;0;;Mi campo laboral actual se centra en el análisis de datos espaciales y temas relacionados con la geomática. Trabajo con herramientas y metodologías avanzadas para el procesamiento, modelado y visualización de información geoespacial, aplicando técnicas de análisis en diversos sectores como la planificación territorial, la gestión ambiental y la movilidad urbana.  Además, utilizo sistemas de información geográfica (SIG), inteligencia artificial y bases de datos espaciales para extraer conocimiento a partir de grandes volúmenes de datos georreferenciados. Esta combinación de tecnologías y enfoques me permite desarrollar soluciones innovadoras para la toma de decisiones basadas en información geoespacial precisa y actualizada.;0;;Sector público (administración pública, gobierno);0;;Totalmente de acuerdo.;0;;De acuerdo.;0;;Alcaldía de Bogotá D.C;0;; - ;0;
23;25/03/2025 12:20;25/03/2025 12:23;anónimo;;;;;LUIS ALEJANDRO QUIROZ;;;79562545;;;51 o más;;;3008679733;;;Ingeniería de Software;;;Investigación;;;Totalmente de acuerdo.;;;Totalmente de acuerdo.;;;mayor rigor academico;;;En desacuerdo.;;;ninguna;;;Totalmente de acuerdo.;;;ninguna;;;En desacuerdo.;;;desarrollo de software;;;Tecnología (desarrollo de software, IA, ciberseguridad, telecomunicaciones);;;Totalmente de acuerdo.;;;Totalmente de acuerdo.;;;inpel s.a.;;;maria juliana arango;;
24;25/03/2025 16:40;25/03/2025 16:48;anónimo;;;;;Martha Patricia Valbuena Gaona ;;;1013679772;;;25 a 30;;;3123538553;;;Geomtatica;;;Investigación;;;De acuerdo.;;;Totalmente de acuerdo.;;;Se deben actualizar los contenidos de los cursos y mostrar metodologías mas innovadoras. Por ejemplo en Inteligencia Computacional el eje fue perceptrón simple cuando ya hay temas mas avanzados como redes neuronales convolucionales ;;;De acuerdo.;;;Mejorar la calidad de las asignaturas asociadas a geomática puesto que son muy básicas y para egresados de ingenierías con énfasis espacial no resulta innovador su contenido ;;;En desacuerdo.;;;Considero que durante mi curso de la maestría no conoci de convenios académicos ni científicos ;;;En desacuerdo.;;;Gerente de Incestigación, Desarrollo e Innovación ;;;Tecnología (desarrollo de software, IA, ciberseguridad, telecomunicaciones);;;Totalmente de acuerdo.;;;De acuerdo.;;;Procalculo ;;;Juan Camilo Amaya - Gerente general - jamaya@procalculo.com ;;
25;25/03/2025 19:12;25/03/2025 19:30;anónimo;;;;;Rafael Enrique Balaguera Hernandez;;;79283623;;;51 o más;;;3107722303;;;Sistemas de información;;;Investigación;;;Totalmente de acuerdo.;;;Totalmente de acuerdo.;;;Prácticas técnicas y prácticas de programación;;;Totalmente de acuerdo.;;;Ingeniería de teletráfico, redes, minería de datos, inteligencia computacional, entre otras;;;Totalmente de acuerdo.;;;La profundización orientada por mi director de tesis, terminó en una exitosa defensa, posteriormente en una publicación indexada y en interventorías realizadas.;;;Totalmente de acuerdo.;;;Ingenie?ía y docencia;;;Sector secundario (industria manufacturera, construcción, energía);;;De acuerdo.;;;Totalmente de acuerdo.;;;Por reserva laboral exigida por los clentes no puedo referir este item;;;Igual que la respuesta anterior;;
26;26/03/2025 9:30;26/03/2025 9:42;anónimo;;;;;Lewys Correa Sánchez;;;1067906153;;;31 a 40;;;3114130003;;;Teleinformatica;;;Investigación;;;De acuerdo.;;;De acuerdo.;;;-Establecer un mejor protocolo para la aprobación de anteproyectos donde la responsabilidad y protagonismo sea del estudiante y su director y no los revisores y/o jurados.;;;Ni en acuerdo, ni en desacuerdo.;;;No recuerdo estrategis de flexibilidad curricular;;;Ni en acuerdo, ni en desacuerdo.;;;No aplica;;;En desacuerdo.;;;Calidad de software;;;Tecnología (desarrollo de software, IA, ciberseguridad, telecomunicaciones);;;Ni en acuerdo, ni en desacuerdo.;;;De acuerdo.;;;Sofka Technologies;;;Manuel Salas Rivas - Gerente Sofka U - manuel.salas@sofka.com.co;;
27;27/03/2025 10:48;27/03/2025 10:52;anónimo;;;;;Sergio Alejandro Rojas Barbosa ;;;80896709;;;31 a 40;;;3106660907;;;Geomtatica;;;Investigación;;;Totalmente de acuerdo.;;;Totalmente de acuerdo.;;;Nada;;;Totalmente de acuerdo.;;;Nada;;;Totalmente de acuerdo.;;;Nada;;;Totalmente de acuerdo.;;;Infraestructura de datos espaciales;;;Sector público (administración pública, gobierno);;;Totalmente de acuerdo.;;;Totalmente de acuerdo.;;;IGAC ;;;Diana Alexandra Ruiz ;;
28;27/03/2025 11:32;27/03/2025 11:41;anónimo;;;;;Juan Carlos Parra Garzón;;;79499302;;;51 o más;;;3213369694;;;Geomtatica;;;Profundización;;;De acuerdo.;;;De acuerdo.;;;En   Manteniendo a la vanguardia el avance de las tecnologías;;;De acuerdo.;;;la tendencia en la manera de obtener, procesar, analizar y mostrar la información de manera global;;;De acuerdo.;;;NA;;;Ni en acuerdo, ni en desacuerdo.;;;Análisis de datos geográficos;;;Sector público (administración pública, gobierno);;;De acuerdo.;;;De acuerdo.;;;Contraloría General de la República;;;NA;;
29;27/03/2025 12:21;27/03/2025 12:26;anónimo;;;;;Diego Fernando Rodriguez Lamus;;;1018469957;;;25 a 30;;;3144237934;;;Geomtatica;;;Investigación;;;De acuerdo.;;;Totalmente de acuerdo.;;;Actualización de contenidos con respecto a las nuevas tendencias en tecnologia como la IA generativa;;;De acuerdo.;;;Si claro, Todo El tema de software me ayudo a entender muchos conceptos y encontrar mejores oportunidad laborales en el desarrollo de software;;;De acuerdo.;;;Las ponencias sobre los articulos academicos que desarrollo me abrieron muchas puertas;;;Ni en acuerdo, ni en desacuerdo.;;;Desarrollo de software;;;Tecnología (desarrollo de software, IA, ciberseguridad, telecomunicaciones);;;Totalmente de acuerdo.;;;Totalmente de acuerdo.;;;DANE;;;Josue Lopez Gil - Profesional especializado - jolopezg@dane.gov.co;;
30;27/03/2025 12:30;27/03/2025 12:36;anónimo;;;;;Sebastian Wisk;;;1032373444;;;31 a 40;;;3127336429;;;Ingeniería de Software;;;Investigación;;;De acuerdo.;;;De acuerdo.;;;Algunos contenidos programaticos;;;Totalmente de acuerdo.;;;Las materias asociadas a minería de datos me dieron elementos que me ayudaron a nivel empresarial;;;Ni en acuerdo, ni en desacuerdo.;;;.;;;Ni en acuerdo, ni en desacuerdo.;;;Telecomunicaciones;;;Tecnología (desarrollo de software, IA, ciberseguridad, telecomunicaciones);;;Ni en acuerdo, ni en desacuerdo.;;;De acuerdo.;;;Claro;;;Cesar Lancheros - Gerente - César.lancheros@claro.com.co;;
31;27/03/2025 12:54;27/03/2025 13:01;anónimo;;;;;Juan Sebastian Sanchez Mancilla ;;;3108066701;;;25 a 30;;;3108066701;;;Ingeniería de Software;;;Profundización;;;De acuerdo.;;;Ni en acuerdo, ni en desacuerdo.;;;Darse a conocer con empresas. Combinar más la práctica con la teoría.;;;De acuerdo.;;;La profundización en software me ayudó a complementar el perfil con el que cuento.;;;De acuerdo.;;;La investigación de la mano de diagramas comparados a código de la materia de arquitectura de software ;;;Totalmente en desacuerdo.;;;Desarrollo de software ;;;Tecnología (desarrollo de software, IA, ciberseguridad, telecomunicaciones);;;Totalmente de acuerdo.;;;En desacuerdo.;;;Scotiabank Colpatria ;;;-;;
32;27/03/2025 14:04;27/03/2025 14:09;anónimo;;;;;Sindy natali ochoa torres;;;1010191974;;;31 a 40;;;3108034592;;;Geomtatica;;;Profundización;;;Totalmente de acuerdo.;;;Totalmente de acuerdo.;;;Programación ;;;Ni en acuerdo, ni en desacuerdo.;;;No recuerdo;;;Totalmente de acuerdo.;;;Trabajando en el exterior ;;;Ni en acuerdo, ni en desacuerdo.;;;Investigación ;;;Sector público (administración pública, gobierno);;;Totalmente de acuerdo.;;;Totalmente de acuerdo.;;;University of British Columbia ;;;Michael Brandon - postdoctoral researcher-Michael.calles@ubc.ca;;
33;28/03/2025 10:24;28/03/2025 10:30;anónimo;;;;;Fredy Alexander González Prieto ;;;1049612843;;;31 a 40;;;3194302828;;;Teleinformatica;;;Profundización;;;De acuerdo.;;;De acuerdo.;;;Propuestas Laborales, oferta actualización mediante cursos;;;Totalmente de acuerdo.;;;Homologación de materias, integración de énfasis ;;;De acuerdo.;;;Asesoría Docente en proyectos de grado;;;Ni en acuerdo, ni en desacuerdo.;;;Técnico de laboratorio ;;;Sector terciario (comercio, servicios: educación, salud, finanzas, etc.);;;Ni en acuerdo, ni en desacuerdo.;;;Ni en acuerdo, ni en desacuerdo.;;;Universidad Pedagógica y Tecnológica de Colombia ;;;Héctor Antonio Fonseca - Decano UPTC Sede Sogamoso - decanatura.sogamoso@uptc.edu.co;;
34;28/03/2025 12:48;28/03/2025 12:54;anónimo;;;;;Miguel Angel Corzo Muñoz;;;79907126;;;41 a 50;;;3183383956;;;Teleinformatica;;;Profundización;;;Totalmente de acuerdo.;;;Totalmente de acuerdo.;;;Darle un enfoque más práctico que teórico;;;Totalmente de acuerdo.;;;Big data fue una asignatura muy práctica y vaiosa;;;Ni en acuerdo, ni en desacuerdo.;;;Faltan más conferencias prácticas, no teóricas;;;Ni en acuerdo, ni en desacuerdo.;;;Instrumentación y Control en Oil&Gas;;;Sector terciario (comercio, servicios: educación, salud, finanzas, etc.);;;De acuerdo.;;;De acuerdo.;;;Wood;;;N/A;;
35;28/03/2025 18:22;28/03/2025 18:32;anónimo;;;;;GUSTAVO ALONSO RODRIGUEZ RODRIGUEZ;;;79797927;;;41 a 50;;;3107906153;;;Teleinformatica;;;Profundización;;;De acuerdo.;;;Totalmente de acuerdo.;;;Reforzar temas de vanguardia - Inteligencia Artificial - Analítica de datos;;;Totalmente de acuerdo.;;;Los temas de Big Data trabajo con análisis de datos;;;Totalmente de acuerdo.;;;Smart City, desarrollo en investigación para sistemas de órtesis Roboticas para rehabilitación y estudios de marcha ;;;Ni en acuerdo, ni en desacuerdo.;;;Analítica de datos;;;Tecnología (desarrollo de software, IA, ciberseguridad, telecomunicaciones);;;De acuerdo.;;;De acuerdo.;;;Back Board;;;No es posible. ;;
36;31/03/2025 13:10;31/03/2025 13:15;anónimo;;;;;Milton;;;80730767;;;41 a 50;;;311;;;Ingeniería de Software;;;Investigación;;;De acuerdo.;;;Totalmente de acuerdo.;;;Creo que debería incorporarse algo de cómo integrar modelos de IA.;;;De acuerdo.;;;No.;;;Ni en acuerdo, ni en desacuerdo.;;;No tengo conocimiento de estos ítems.;;;Ni en acuerdo, ni en desacuerdo.;;;Desarrollo de software.;;;Tecnología (desarrollo de software, IA, ciberseguridad, telecomunicaciones);;;De acuerdo.;;;Ni en acuerdo, ni en desacuerdo.;;;No.;;;No.;;
