Id;Hora de inicio;Hora de finalización;Correo electrónico;Nombre;Total de puntos;Comentarios del cuestionario;Hora de publicación de la calificación;Indique su nombre completo;Puntos: Indique su nombre completo;Comentarios: Indique su nombre completo;¿Cuántos años de experiencia tiene en la institución?;Puntos: ¿Cuántos años de experiencia tiene en la institución?;Comentarios: ¿Cuántos años de experiencia tiene en la institución?;¿Cuáles son sus áreas de investigación?;Puntos: ¿Cuáles son sus áreas de investigación?;Comentarios: ¿Cuáles son sus áreas de investigación?;Considero que el reglamento estudiantil y las políticas académicas del programa son pertinentes y están actualizadas.;Puntos: Considero que el reglamento estudiantil y las políticas académicas del programa son pertinentes y están actualizadas.;Comentarios: Considero que el reglamento estudiantil y las políticas académicas del programa son pertinentes y están actualizadas.;¿Tienes sugerencias para mejorar la divulgación y comprensión del reglamento estudiantil y las políticas académicas?;Puntos: ¿Tienes sugerencias para mejorar la divulgación y comprensión del reglamento estudiantil y las políticas académicas?;Comentarios: ¿Tienes sugerencias para mejorar la divulgación y comprensión del reglamento estudiantil y las políticas académicas?;Considero que los criterios académicos establecidos para la selección y vinculación de profesores son adecuados y pertinentes para garantizar la calidad de la Maestría en Ciencias de la Información y ;Puntos: Considero que los criterios académicos establecidos para la selección y vinculación de profesores son adecuados y pertinentes para garantizar la calidad de la Maestría en Ciencias de la Información y ;Comentarios: Considero que los criterios académicos establecidos para la selección y vinculación de profesores son adecuados y pertinentes para garantizar la calidad de la Maestría en Ciencias de la Información y ;¿Qué aspectos de las políticas y normas actuales consideras que deberían ser revisados o actualizados para mejorar la calidad de la Maestría en Ciencias de la Información y las Comunicaciones?;Puntos: ¿Qué aspectos de las políticas y normas actuales consideras que deberían ser revisados o actualizados para mejorar la calidad de la Maestría en Ciencias de la Información y las Comunicaciones?;Comentarios: ¿Qué aspectos de las políticas y normas actuales consideras que deberían ser revisados o actualizados para mejorar la calidad de la Maestría en Ciencias de la Información y las Comunicaciones?;Considero que las políticas que establecen distinciones y estímulos son pertinentes y efectivas para promover el desarrollo y la trayectoria profesoral.;Puntos: Considero que las políticas que establecen distinciones y estímulos son pertinentes y efectivas para promover el desarrollo y la trayectoria profesoral.;Comentarios: Considero que las políticas que establecen distinciones y estímulos son pertinentes y efectivas para promover el desarrollo y la trayectoria profesoral.;¿Qué acciones crees que la institución debería emprender para mejorar la aplicación y pertinencia del estatuto profesoral y las políticas de estímulos?;Puntos: ¿Qué acciones crees que la institución debería emprender para mejorar la aplicación y pertinencia del estatuto profesoral y las políticas de estímulos?;Comentarios: ¿Qué acciones crees que la institución debería emprender para mejorar la aplicación y pertinencia del estatuto profesoral y las políticas de estímulos?;Considero que mi participación en actividades como programas de formación y capacitación, mentorías y tutorías, participación en conferencias y seminarios, ha contribuido a mi desarrollo integral mejo;Puntos: Considero que mi participación en actividades como programas de formación y capacitación, mentorías y tutorías, participación en conferencias y seminarios, ha contribuido a mi desarrollo integral mejo;Comentarios: Considero que mi participación en actividades como programas de formación y capacitación, mentorías y tutorías, participación en conferencias y seminarios, ha contribuido a mi desarrollo integral mejo;Por favor, proporciona ejemplos específicos de actividades en las que has participado y cómo han impactado en tu desarrollo integral, como docente:;Puntos: Por favor, proporciona ejemplos específicos de actividades en las que has participado y cómo han impactado en tu desarrollo integral, como docente:;Comentarios: Por favor, proporciona ejemplos específicos de actividades en las que has participado y cómo han impactado en tu desarrollo integral, como docente:;"¿Cómo ha contribuido el régimen de estímulos al profesorado en la mejora del ejercicio cualificado de la docencia, la investigación, la innovación, la creación artística y cultural; así como para el d";"Puntos: ¿Cómo ha contribuido el régimen de estímulos al profesorado en la mejora del ejercicio cualificado de la docencia, la investigación, la innovación, la creación artística y cultural; así como para el d";"Comentarios: ¿Cómo ha contribuido el régimen de estímulos al profesorado en la mejora del ejercicio cualificado de la docencia, la investigación, la innovación, la creación artística y cultural; así como para el d";Considero que la remuneración que recibo corresponde adecuadamente a mis méritos académicos y profesionales derivados de mi actividad docente, así como de las contribuciones realizadas en investigació;Puntos: Considero que la remuneración que recibo corresponde adecuadamente a mis méritos académicos y profesionales derivados de mi actividad docente, así como de las contribuciones realizadas en investigació;Comentarios: Considero que la remuneración que recibo corresponde adecuadamente a mis méritos académicos y profesionales derivados de mi actividad docente, así como de las contribuciones realizadas en investigació;¿Qué aspectos del sistema de remuneración considerarías mejorar para que refleje mejor tus méritos académicos, pedagógicos y profesionales?;Puntos: ¿Qué aspectos del sistema de remuneración considerarías mejorar para que refleje mejor tus méritos académicos, pedagógicos y profesionales?;Comentarios: ¿Qué aspectos del sistema de remuneración considerarías mejorar para que refleje mejor tus méritos académicos, pedagógicos y profesionales?;Considero que los criterios y mecanismos utilizados para la evaluación de los profesores son transparentes, accesibles y eficaces.;Puntos: Considero que los criterios y mecanismos utilizados para la evaluación de los profesores son transparentes, accesibles y eficaces.;Comentarios: Considero que los criterios y mecanismos utilizados para la evaluación de los profesores son transparentes, accesibles y eficaces.;Considero que las estrategias de flexibilidad curricular permiten a los estudiantes personalizar su formación de acuerdo con sus objetivos profesionales y académicos.;Puntos: Considero que las estrategias de flexibilidad curricular permiten a los estudiantes personalizar su formación de acuerdo con sus objetivos profesionales y académicos.;Comentarios: Considero que las estrategias de flexibilidad curricular permiten a los estudiantes personalizar su formación de acuerdo con sus objetivos profesionales y académicos.;¿Qué aspectos de las estrategias de flexibilidad curricular considerarías mejorar para aumentar su relevancia y efectividad en la formación de los estudiantes?;Puntos: ¿Qué aspectos de las estrategias de flexibilidad curricular considerarías mejorar para aumentar su relevancia y efectividad en la formación de los estudiantes?;Comentarios: ¿Qué aspectos de las estrategias de flexibilidad curricular considerarías mejorar para aumentar su relevancia y efectividad en la formación de los estudiantes?;"¿Cómo valorarías la efectividad de los énfasis en ""Teleinformática"" “Ingeniería de Software”, ""Geomática"" y ""Inteligencia artificial"" en la formación integral de los estudiantes?";"Puntos: ¿Cómo valorarías la efectividad de los énfasis en ""Teleinformática"" “Ingeniería de Software”, ""Geomática"" y ""Inteligencia artificial"" en la formación integral de los estudiantes?";"Comentarios: ¿Cómo valorarías la efectividad de los énfasis en ""Teleinformática"" “Ingeniería de Software”, ""Geomática"" y ""Inteligencia artificial"" en la formación integral de los estudiantes?";Considero que las estrategias pedagógicas y escenarios de práctica utilizadas en la Maestría en Ciencias de la Información y las Comunicaciones son coherentes y efectivas para facilitar los resultados;Puntos: Considero que las estrategias pedagógicas y escenarios de práctica utilizadas en la Maestría en Ciencias de la Información y las Comunicaciones son coherentes y efectivas para facilitar los resultados;Comentarios: Considero que las estrategias pedagógicas y escenarios de práctica utilizadas en la Maestría en Ciencias de la Información y las Comunicaciones son coherentes y efectivas para facilitar los resultados;Considero que los sistemas de evaluación de los resultados de aprendizaje permiten una realimentación efectiva que contribuye a la mejora continua de la formación en los estudiantes.;Puntos: Considero que los sistemas de evaluación de los resultados de aprendizaje permiten una realimentación efectiva que contribuye a la mejora continua de la formación en los estudiantes.;Comentarios: Considero que los sistemas de evaluación de los resultados de aprendizaje permiten una realimentación efectiva que contribuye a la mejora continua de la formación en los estudiantes.;Considero que el proceso de evaluación y autorregulación de la Maestría en Ciencias de la Información y las Comunicaciones tiene en cuenta de manera efectiva las necesidades y expectativas de los estu;Puntos: Considero que el proceso de evaluación y autorregulación de la Maestría en Ciencias de la Información y las Comunicaciones tiene en cuenta de manera efectiva las necesidades y expectativas de los estu;Comentarios: Considero que el proceso de evaluación y autorregulación de la Maestría en Ciencias de la Información y las Comunicaciones tiene en cuenta de manera efectiva las necesidades y expectativas de los estu;¿Qué aspectos del proceso de evaluación y autorregulación crees que podrían mejorarse para asegurar una mayor pertinencia y eficacia en la mejora de la Maestría en Ciencias de la Información y las Com;Puntos: ¿Qué aspectos del proceso de evaluación y autorregulación crees que podrían mejorarse para asegurar una mayor pertinencia y eficacia en la mejora de la Maestría en Ciencias de la Información y las Com;Comentarios: ¿Qué aspectos del proceso de evaluación y autorregulación crees que podrían mejorarse para asegurar una mayor pertinencia y eficacia en la mejora de la Maestría en Ciencias de la Información y las Com;Considero que las intervenciones y el apoyo proporcionados para alertar de forma temprana a los estudiantes, han sido útiles para mejorar tu rendimiento académico y facilitar tu progreso hacia la grad;Puntos: Considero que las intervenciones y el apoyo proporcionados para alertar de forma temprana a los estudiantes, han sido útiles para mejorar tu rendimiento académico y facilitar tu progreso hacia la grad;Comentarios: Considero que las intervenciones y el apoyo proporcionados para alertar de forma temprana a los estudiantes, han sido útiles para mejorar tu rendimiento académico y facilitar tu progreso hacia la grad;¿Cómo valorarías el impacto de las políticas y estrategias de cooperación académica y científica en el desarrollo de proyectos conjuntos y publicaciones con homólogos a nivel nacional e internacional?;Puntos: ¿Cómo valorarías el impacto de las políticas y estrategias de cooperación académica y científica en el desarrollo de proyectos conjuntos y publicaciones con homólogos a nivel nacional e internacional?;Comentarios: ¿Cómo valorarías el impacto de las políticas y estrategias de cooperación académica y científica en el desarrollo de proyectos conjuntos y publicaciones con homólogos a nivel nacional e internacional?;Considero que las políticas, programas y servicios de bienestar implementados en la Maestría en Ciencias de la Información y las Comunicaciones son coherentes con las condiciones y necesidades específ;Puntos: Considero que las políticas, programas y servicios de bienestar implementados en la Maestría en Ciencias de la Información y las Comunicaciones son coherentes con las condiciones y necesidades específ;Comentarios: Considero que las políticas, programas y servicios de bienestar implementados en la Maestría en Ciencias de la Información y las Comunicaciones son coherentes con las condiciones y necesidades específ;Considero que el acompañamiento proporcionado en la Maestría en Ciencias de la Información y las Comunicaciones facilita una comunicación efectiva y una interacción constructiva entre profesores y est;Puntos: Considero que el acompañamiento proporcionado en la Maestría en Ciencias de la Información y las Comunicaciones facilita una comunicación efectiva y una interacción constructiva entre profesores y est;Comentarios: Considero que el acompañamiento proporcionado en la Maestría en Ciencias de la Información y las Comunicaciones facilita una comunicación efectiva y una interacción constructiva entre profesores y est;¿Qué acciones considerarías necesarias para mejorar la pertinencia, actualización y suficiencia del material bibliográfico y de información de la Maestría en Ciencias de la Información y las Comunicac;Puntos: ¿Qué acciones considerarías necesarias para mejorar la pertinencia, actualización y suficiencia del material bibliográfico y de información de la Maestría en Ciencias de la Información y las Comunicac;Comentarios: ¿Qué acciones considerarías necesarias para mejorar la pertinencia, actualización y suficiencia del material bibliográfico y de información de la Maestría en Ciencias de la Información y las Comunicac;¿Cómo evaluarías la efectividad de los mecanismos disponibles para que estudiantes, profesores y egresados participen en las decisiones de mejora de la Maestría en Ciencias de la Información y las Com;Puntos: ¿Cómo evaluarías la efectividad de los mecanismos disponibles para que estudiantes, profesores y egresados participen en las decisiones de mejora de la Maestría en Ciencias de la Información y las Com;Comentarios: ¿Cómo evaluarías la efectividad de los mecanismos disponibles para que estudiantes, profesores y egresados participen en las decisiones de mejora de la Maestría en Ciencias de la Información y las Com;Creo que los procesos administrativos están orientados adecuadamente y son eficaces para apoyar el desarrollo integral de las labores formativas, académicas, docentes, científicas, culturales y de ext;Puntos: Creo que los procesos administrativos están orientados adecuadamente y son eficaces para apoyar el desarrollo integral de las labores formativas, académicas, docentes, científicas, culturales y de ext;Comentarios: Creo que los procesos administrativos están orientados adecuadamente y son eficaces para apoyar el desarrollo integral de las labores formativas, académicas, docentes, científicas, culturales y de ext;Considero que los recursos humanos (profesores, personal administrativo, etc.) disponibles en la Maestría en Ciencias de la Información y las Comunicaciones son suficientes y adecuados para atender el;Puntos: Considero que los recursos humanos (profesores, personal administrativo, etc.) disponibles en la Maestría en Ciencias de la Información y las Comunicaciones son suficientes y adecuados para atender el;Comentarios: Considero que los recursos humanos (profesores, personal administrativo, etc.) disponibles en la Maestría en Ciencias de la Información y las Comunicaciones son suficientes y adecuados para atender el;Considero que los recursos informáticos disponibles, corresponden adecuadamente con las necesidades tecnológicas de la Maestría en Ciencias de la Información y las Comunicaciones y de sus miembros (pr;Puntos: Considero que los recursos informáticos disponibles, corresponden adecuadamente con las necesidades tecnológicas de la Maestría en Ciencias de la Información y las Comunicaciones y de sus miembros (pr;Comentarios: Considero que los recursos informáticos disponibles, corresponden adecuadamente con las necesidades tecnológicas de la Maestría en Ciencias de la Información y las Comunicaciones y de sus miembros (pr;¿Considera adecuado que la Maestría tuviera asignaturas cuyo contenido se impartiera un porcentaje en inglés?;Puntos: ¿Considera adecuado que la Maestría tuviera asignaturas cuyo contenido se impartiera un porcentaje en inglés?;Comentarios: ¿Considera adecuado que la Maestría tuviera asignaturas cuyo contenido se impartiera un porcentaje en inglés?;¿Usted imparte asignaturas en la Maestría?;Puntos: ¿Usted imparte asignaturas en la Maestría?;Comentarios: ¿Usted imparte asignaturas en la Maestría?;Esta dispuesto a impartir un porcentaje del contenido en ingles.;Puntos: Esta dispuesto a impartir un porcentaje del contenido en ingles.;Comentarios: Esta dispuesto a impartir un porcentaje del contenido en ingles.;¿Con que nivel de ingles cuenta usted?;Puntos: ¿Con que nivel de ingles cuenta usted?;Comentarios: ¿Con que nivel de ingles cuenta usted?
1;03/03/2025 13:43;03/03/2025 13:59;pagaonag@udistrital.edu.co;Paulo Alonso Gaona Garcia;;;;Paulo Alonso Gaona Garcia;0;;17;0;;Informatica, redes y comunicaciones;0;;De acuerdo.;0;;Quizas con algunos pequeños video clips que puedan quedar en plataforma;0;;De acuerdo.;0;;Plantear espacios físicos o simuladores que permitan el uso de laboratorios especializados dentro de las áreas de conocimiento;0;;De acuerdo.;0;;Apoyo al desarrollo profesional mediante una figura que permita a los estudiantes de maestria asumir roles de monitorias diferenciadas a los monitorias que realizan estudiantes de pregrado como apoyo a las labores docentes en laboratorio y/o practicas academicas;0;;De acuerdo.;0;;Desarrollo de proyectos de investigación con estudiantes vinculados en la maestria, asi como vinculación de productos derivados de estas actividades;0;;Con el desarrollo de productos, articulos, ponencias, libros;0;;De acuerdo.;0;;Considerar uso de otros criterios como el desarrollo de simuladores, contenidos digitales, etc.;0;;Totalmente de acuerdo.;0;;De acuerdo.;0;;Promover mejor cursar asignaturas, eleectivas en otros programas de universidades exernas con que se cuenten convenios;0;;Apoya de manera significativa en formación de cada área;0;;De acuerdo.;0;;De acuerdo.;0;;De acuerdo.;0;;De momento ninguna;0;;De acuerdo.;0;;Han mejorado de manera considerable;0;;De acuerdo.;0;;De acuerdo.;0;;Mayor apoyo economico para acceso a BD especializadas;0;;SOn oportunas;0;;De acuerdo.;0;;De acuerdo.;0;;Ni en acuerdo, ni en desacuerdo.;0;;SI;0;;No;0;;SI;0;;B1;0;
2;03/03/2025 21:06;03/03/2025 21:29;lplazasn@udistrital.edu.co;LEONARDO PLAZAS NOSSA;;;;Leonardo Plazas Nossa;0;;18;0;;Telecomunicaciones, Redes de Datos y procesamiento de señales;0;;Totalmente de acuerdo.;0;;Divulgación por el correo institucional;0;;Totalmente de acuerdo.;0;;Propuestas para otorgar becas a estudiantes;0;;Totalmente de acuerdo.;0;;Están bien.;0;;Totalmente de acuerdo.;0;;Curso CCNA Cisco, Data Science MIT, mejores argumentos y elementos técnicos y tegnológicos actuales.;0;;Realizar el Doctorado y en le proceso participar en diferentes Conferencias.;0;;Totalmente de acuerdo.;0;;Está bien.;0;;Totalmente de acuerdo.;0;;Totalmente de acuerdo.;0;;Plan de becas para estudiantes.;0;;En la profundidad de cada énfasis y los proyectos propuestos por los estudiantes.;0;;Totalmente de acuerdo.;0;;Totalmente de acuerdo.;0;;Totalmente de acuerdo.;0;;Está bien.;0;;Totalmente de acuerdo.;0;;Muy efectivas.;0;;Totalmente de acuerdo.;0;;Totalmente de acuerdo.;0;;Que la institución mantenga el pago de la bases de datos IEEExplore y Science Direct;0;;Muy efectiva con la representación profesoral y estudiantil en el Consejo Curricular;0;;Totalmente de acuerdo.;0;;Totalmente de acuerdo.;0;;Totalmente de acuerdo.;0;;SI;0;;SI;0;;SI;0;;C1;0;
3;04/03/2025 8:08;04/03/2025 8:20;jerodriguezr@udistrital.edu.co;RODRIGUEZ RODRIGUEZ JORGE ENRIQUE;;;;Jorge Enrique Rodríguez Rodríguez;0;;25;0;;Inteligencia Artificial, Machine Learning y Ciencia de Datos;0;;Totalmente de acuerdo.;0;;Usar las redes sociales;0;;De acuerdo.;0;;Inicio y seguimiento al desarrollo del trabajo de grado;0;;Totalmente de acuerdo.;0;;Ninguna;0;;De acuerdo.;0;;Un plan de capacitación en las diferentes áreas de formación profesoral. La Maestría debe contar con un presupuesto suficiente para que profesores y estudiantes puedan participar en congresos internacionales, llevando trabajos relacionados con las áreas de formación de la maestría.;0;;Desconozco los estimulos en mención desde la Maestría;0;;Totalmente de acuerdo.;0;;Ninguna;0;;Totalmente de acuerdo.;0;;De acuerdo.;0;;Modalidades de trabajo de grado;0;;Adecuados;0;;Ni en acuerdo, ni en desacuerdo.;0;;Ni en acuerdo, ni en desacuerdo.;0;;De acuerdo.;0;;Ninguna;0;;Ni en acuerdo, ni en desacuerdo.;0;;Desconozco el proceso;0;;De acuerdo.;0;;De acuerdo.;0;;Vincularse a más redes de conocimiento;0;;Usar diferentes medios de comunicación, para que la información llegue a la comunidad académica de la Maestría;0;;De acuerdo.;0;;De acuerdo.;0;;En desacuerdo.;0;;SI;0;;SI;0;;No;0;;A2;0;
4;05/03/2025 14:38;05/03/2025 15:20;malzate@udistrital.edu.co;MARCO AURELIO ALZATE MONROY;;;;Marco Aurelio Alzate Monroy;0;;34;0;;Sistemas complejos;0;;De acuerdo.;0;;Se aprecia que la universidad tenga estos documentos en línea para la consulta de estudiantes, profesores y administrativos. Pero podría facilitarse su comprensión publicando también material didáctico sobre ellos (esquemas gráficos que los resuman, videos cortos con explicaciones básicas, pequeños cursos virtuales (tal vez obligatorios), etc.).;0;;De acuerdo.;0;;Los cursos de los diferentes énfasis deberían ser asequibles para todos los estudiantes de la maestría, de manera que cada estudiante pueda formar su propio programa de acuerdo con sus intereses académicos y profesionales.;0;;De acuerdo.;0;;Hacer más divulgación de las mismas, casi a nivel de propaganda.;0;;De acuerdo.;0;;Los seminarios y conferencias que se ofrecieron durante la pandemia permitieron la cohesión y la pertenencia.;0;;La maestría ha apoyado de manera decisiva los procesos de formación doctoral de sus profesores.;0;;De acuerdo.;0;;Son apropiados;0;;De acuerdo.;0;;De acuerdo.;0;;Todos los cursos de todos los énfasis deben ser electivos para otros énfasis.;0;;Muy bien, pues nuestros egresados son profesionalmente muy exitosos. Sin embargo, cada énfasis debería permitir a los estudiantes integrar conocimientos de distintas disciplinas para fomentar la capacidad de resolución de problemas en contextos reales y promover proyectos interdisciplinarios con impacto social o industrial.;0;;De acuerdo.;0;;De acuerdo.;0;;De acuerdo.;0;;Tal vez deberíamos evaluar continuamente el currículo en función de la demanda del sector y los egresados y aprovechar la tecnología para recopilar y analizar datos sobre la calidad del programa en respuestas de estudiantes, profesores, egresados y empresarios.;0;;De acuerdo.;0;;Muy bien, pero deberían aunarse los esfuerzos de todos los programas de posgrado de ingeniería en este sentido.;0;;De acuerdo.;0;;De acuerdo.;0;;Divulgar mejor las facilidades disponibles en la Biblioteca;0;;Muy bien. Pero fortalecería la difusión y accesibilidad de dichos canales.;0;;De acuerdo.;0;;De acuerdo.;0;;De acuerdo.;0;;SI;0;;SI;0;;SI;0;;C1;0;
5;05/03/2025 17:22;05/03/2025 17:34;lecastillom@udistrital.edu.co;LUIS EDUARDO CASTILLO MENDEZ;;;;LUIS EDUARDO CASTILLO MENDEZ ;0;;17;0;;Matemática, Estadística, Ciencia y Analítica de Datos ;0;;Ni en acuerdo, ni en desacuerdo.;0;;Reuniones y uso de redes sociales ;0;;Totalmente de acuerdo.;0;;Movilidad;0;;Ni en acuerdo, ni en desacuerdo.;0;;Estímulos alcanzables y apoyó económico para movilidad ;0;;Totalmente de acuerdo.;0;;Líder de Grupo de Investigación y dirigir tesis;0;;Líder Grupo Investigación, participación en eventos, publicaciones ;0;;Ni en acuerdo, ni en desacuerdo.;0;;Apoyo en movilidad y en publicaciones ;0;;Totalmente de acuerdo.;0;;Totalmente de acuerdo.;0;;Equilibrio entre la virtualidad y presencialidad;0;;Excelente ;0;;Totalmente de acuerdo.;0;;Totalmente de acuerdo.;0;;Totalmente de acuerdo.;0;;Apoyo en desarrollo de tesis;0;;De acuerdo.;0;;Aceptable, pero puede mejorar ;0;;Ni en acuerdo, ni en desacuerdo.;0;;De acuerdo.;0;;Usando medios de comunicación redes sociales ;0;;Aceptable;0;;De acuerdo.;0;;Ni en acuerdo, ni en desacuerdo.;0;;Ni en acuerdo, ni en desacuerdo.;0;;SI;0;;SI;0;;SI;0;;B1;0;
6;06/03/2025 11:08;06/03/2025 11:44;lrocha@udistrital.edu.co;LUZ ANGELA ROCHA SALAMANCA;;;;LUZ ANGELA ROCHA SALAMANCA;0;;23;0;;TECNOLOGÍAS GEOESPACIALES- INFRAESTRUCTURAS DE DATOS ESPACIALES;0;;De acuerdo.;0;;Sensibilización tanto a estudiantes como profesores en la normativa, puede ser presencialmente o a través de la página de la maestría y por e-mail.;0;;Ni en acuerdo, ni en desacuerdo.;0;;La participación de profesores invitados del exterior que tengan conocimientos en las diferentes temáticas, por ejemplo en Geomática, la actualización constante de los contenidos temáticos para incluir los cambios tecnológicos de avanzada. Incorporación de nuevos profesores de planta en la maestría que incluya la participación de las mujeres.;0;;Ni en acuerdo, ni en desacuerdo.;0;;Se debe revisar y ajustar la reglamentación de los estímulos por publicación de artículos que sólo benefician a unos pocos profesores y no a toda la comunidad académica. Generar otros estímulos para los profesores investigadores. Mejorar y flexibilizar los procesos de otorgación de estímulos ;0;;De acuerdo.;0;;Desarrollo de proyectos de investigación y de Cooperación internacional. Participación en eventos en el exterior. Participación en asociaciones técnico científicas.;0;;De acuerdo a mi experiencia no se dan estímulos por parte de la Institución a los profesores que desarrollan proyectos de cooperación internacional, ni se les da la importancia que tienen estos proyectos para  la academia desde todo punto de vista, ni se apoya la implementación de lo desarrollado en estos proyectos como parte de las políticas de la universidad.;0;;Ni en acuerdo, ni en desacuerdo.;0;;Que se tengan en cuenta otras actividades complementarias a la publicación de artículos, pues los profesores realizamos diferentes actividades en las horas no lectivas ;0;;Ni en acuerdo, ni en desacuerdo.;0;;En desacuerdo.;0;;Movilidad entre programas de la Universidad y otras universidades y homologación de asignaturas entre especializaciones y la maestría  para lo cual se requiere que los programas académicos trabajen conjuntamente en los contenidos temáticos ;0;;Se puede decir que aunque hay que hacer algunos ajustes en las asignaturas, el énfasis en Geomática ha sido efectivo para los estudiantes pues mejora su nivel profesional y académico en esta temática;0;;Ni en acuerdo, ni en desacuerdo.;0;;Ni en acuerdo, ni en desacuerdo.;0;;De acuerdo.;0;;Mostrar que se ha mejorado en la maestría de acuerdo a lo planteado en la última autoevaluación;0;;De acuerdo.;0;;No las conozco, creo que la maestría no tiene implementadas este tipo de políticas;0;;Ni en acuerdo, ni en desacuerdo.;0;;De acuerdo.;0;;Creo que depende de los profesores pues la mayoría del material bibliográfico se encuentra disponible en la red;0;;No conozco los mecanismos que utiliza la maestría adicionales a la autoevaluación.;0;;De acuerdo.;0;;En desacuerdo.;0;;Totalmente de acuerdo.;0;;SI;0;;No;0;;;0;;B1;0;
7;06/03/2025 10:25;06/03/2025 17:36;rmedina@udistrital.edu.co;RUBEN JAVIER MEDINA DAZA;;;;Rubén Javier Medina Daza;0;;28;0;;Procesamiento digital de imágenes, Deep Learning, Transformada Wavelet, Fusión de imágenes;0;;De acuerdo.;0;;En la inducción es importante socializar el reglamento, el cual debe ser enviado desde la coordinación a los nuevos estudiantes;0;;De acuerdo.;0;;Nivel mínimo para enseñanza en la maestría dado que sirve de soporte al doctorado debe ser los profesores Doctores;0;;De acuerdo.;0;;creo que están bien establecidas;0;;De acuerdo.;0;;Ponente en: Conference - AGILE 2024 a realizarse del 4 al 7 de junio de 2024 en Glasgow (UK) y recorrido de intercambio académico en la Universidad de St Andrew, el día martes 11 de junio de 2024;0;;Impulsando a los estudiantes a participar como ponentes en los diferentes congresos;0;;De acuerdo.;0;;considero que la remuneración es correcta;0;;De acuerdo.;0;;De acuerdo.;0;;La posibilidad de poder tomar cualquier espacio académico que se requiera ya sea en la formación o para el desarrollo de la tesis, bien sea en pregrado o posgrado;0;;Es buena;0;;Ni en acuerdo, ni en desacuerdo.;0;;Ni en acuerdo, ni en desacuerdo.;0;;De acuerdo.;0;;La falta de retroalimentación y la búsqueda de la correcciones que permitan mejorar ;0;;Ni en acuerdo, ni en desacuerdo.;0;;Buena;0;;De acuerdo.;0;;En desacuerdo.;0;;Una base de datos que en qué revistas los estudiantes publican, que congresos normalmente asisten como ponentes;0;;Buena;0;;De acuerdo.;0;;De acuerdo.;0;;En desacuerdo.;0;;SI;0;;SI;0;;SI;0;;B1;0;
8;07/03/2025 12:21;07/03/2025 12:45;hdiosa@udistrital.edu.co;ALBERTO DIOSA HENRY;;;;Henry Alberto Diosa;0;;25;0;;Áreas de conocimiento en la disciplina de Ingeniería de Software: Ingeniería conducida por modelos, métodos formales de especificación, entre otros.;0;;En desacuerdo.;0;;Debería divulgarse a través de un repositorio documental que permita consultar en orden cronológico las normas que han reglamentado dicho estatuto.;0;;Ni en acuerdo, ni en desacuerdo.;0;;Deberían armonizarse para que sean coherentes y consistentes. Esto favorecería la gobernabilidad a los coordinadores del programa.;0;;En desacuerdo.;0;;En primer lugar, hacérselas conocer a los profesores con mecanismos efectivos y transparentes. En segundo lugar, aplicarlas en la realidad cotidiana.;0;;Ni en acuerdo, ni en desacuerdo.;0;;Ninguna;0;;"No he evidenciado los denominados ""...estímulos al profesorado..."" ni los conozco.";0;;En desacuerdo.;0;;Que no solo se premie la publicación de artículos sino que se estimule y valore de manera equiparable el buen ejercicio de la docencia.;0;;En desacuerdo.;0;;Ni en acuerdo, ni en desacuerdo.;0;;La flexibilidad curricular debe fortalecer la formación en cada énfasis y no solo permitir avanzar en créditos sin fortalecer efectivamente la especialización de conocimiento en este nivel de formación.;0;;Considero que el énfasis en el que me desempeño debe revisarse a profundidad para armonizarlo con el cuerpo de conocimiento de la disciplina de Ingeniería de Software a nivel internacional.;0;;Ni en acuerdo, ni en desacuerdo.;0;;Ni en acuerdo, ni en desacuerdo.;0;;En desacuerdo.;0;;Un análisis disciplinar de cada énfasis para armonizarlos con los cuerpos de conocimiento avalados por organizaciones de ingeniería a nivel internacional. Por ejemplo, IEEE...;0;;Ni en acuerdo, ni en desacuerdo.;0;;No son claros para mi los mecanismos de internacionalización excepto aquellos que los mismos profesores gestionan por iniciativa propia.  ;0;;En desacuerdo.;0;;Ni en acuerdo, ni en desacuerdo.;0;;Armonizar con los cuerpos de conocimiento disciplinar a nivel internacional.;0;;"No está a mi alcance determinar dicha efectividad; debería existir un modelo de evaluación externo imparcial.";0;;Ni en acuerdo, ni en desacuerdo.;0;;Ni en acuerdo, ni en desacuerdo.;0;;En desacuerdo.;0;;No;0;;SI;0;;SI;0;;B1;0;
9;07/03/2025 15:29;07/03/2025 15:30;jvalero@udistrital.edu.co;José Antonio Valero Medina;;;;José Antonio Valero Medina;0;;21;0;;Procesamiento digital de imágenes, Sistemas distribuidos, Informática ;0;;Totalmente de acuerdo.;0;;N/A;0;;Totalmente de acuerdo.;0;;N/A;0;;En desacuerdo.;0;;La capacitación y formación en segunda lengua debería estar disponible de manera explicita como una actividad en la definición del Plan de trabajo de un docente.;0;;De acuerdo.;0;;Formación postgradual la cual abre las perspectivas de profundización en investigación. La formación en segunda lengua en inglés la cual contribuye a tener más competencia en las labores de divulgación de la investigación.;0;;La posibilidad de tener apoyo, incluido económico, en la participación en eventos internacionales promueve un interés en el desarrollo de actividades de investigación para su posterior divulgación. Sin embargo, en la parte económica, deberían cubrirse todos los gastos que implica una participación internacional.;0;;De acuerdo.;0;;Considero que siempre se debería asignar puntaje por publicación en revistas de la Universidad Distrital incluyendo aquellas que no están categorizadas en Minciencias. Esto conllevaría a fortalecer las diferentes revistas pues se estimularía la publicación en ellas.;0;;De acuerdo.;0;;De acuerdo.;0;;Se deberían destinar recursos para patrocinar la formación de estudiantes en entidades educativas pares internacionales.;0;;Las Ciencias de la Información y las Comunicaciones abarca trabajo en todos los énfasis definidos, por lo tanto independientemente del escogido por un estudiante, su formación debería dar evidencia de la presencia de todos ellos en su proceso de formación.;0;;De acuerdo.;0;;Totalmente de acuerdo.;0;;Totalmente de acuerdo.;0;;Se podrían realizar jornadas con los docentes con el fin de promover el diseño de proceso evaluativos que se realicen con base en rubricas como mecanismo para promover una evaluación más objetiva.;0;;De acuerdo.;0;;La cooperación académica y científica para realización de investigaciones conjuntas son indispensables para mantener el rigor y la pertinencia del conocimiento científico.;0;;Ni en acuerdo, ni en desacuerdo.;0;;Ni en acuerdo, ni en desacuerdo.;0;;Se debe tener acceso digital a bibliotecas como IEEE, Spinger y ACM, entre otras, de forma que el estudiante pueda descargar artículos recientes publicados en revistas categoría A1 para ampliar el panorama del estado del arte.;0;;Sería deseable contar con un instrumento digital que cada docente aplicará durante y al finalizar un espacio académico mediante el cual este sea evaluado en los aspectos específicos relevantes. ;0;;De acuerdo.;0;;En desacuerdo.;0;;En desacuerdo.;0;;SI;0;;SI;0;;No;0;;B2;0;
10;07/03/2025 16:29;07/03/2025 16:56;acardenas@udistrital.edu.co;Andres Cardenas;;;;Andrés Cárdenas Contreras;0;;23;0;;Geodesia Satelital, Geofísica y Gestión de Riesgo;0;;Totalmente de acuerdo.;0;;Ninguna;0;;Totalmente de acuerdo.;0;;Ninguno, las políticas y normas actuales son  adecuadas.;0;;De acuerdo.;0;;De pronto, sugiero si es posible una mayor divulgación de las políticas, nada más.;0;;De acuerdo.;0;;Desde la Universidad Distrital y en la maestría se apoyan los procesos de investigación e innovación y he participado en varios de esos procesos y me han servido para mejorar mi actividad docente.;0;;Estas políticas mencionadas en especial la innovación e investigación, son estímulos de los profesores en su formación docente y ejercicio profesional. ;0;;De acuerdo.;0;;Ninguno.;0;;Totalmente de acuerdo.;0;;De acuerdo.;0;;No se si los estudiantes de la maestría tienen la posibilidad de tomar asignaturas en otras universidades.;0;;En el siglo XXI, los datos espaciales, la geomática, la teleinformática y la inteligencia artificial son los ejes fundamentales del desarrollo tecnológico y los egresados de la maestría son apetecidos en el mercado laboral por sus conocimientos. ;0;;Totalmente de acuerdo.;0;;Totalmente de acuerdo.;0;;Totalmente de acuerdo.;0;;Ninguno;0;;Totalmente de acuerdo.;0;;Los temas de investigación interinstitucional con otras universidades internacionales, se han venido fortaleciendo hace unos años y eso muestra el prestigio de la maestría. ;0;;Totalmente de acuerdo.;0;;De acuerdo.;0;;La Universidad Distrital en los últimos años, se encuentra vinculada en bases de datos internacionales y creo que son adecuadas. ;0;;Se establecen mecanismos claros a través del Consejo de la Maestría y son de conocimiento de la comunidad académica, no tengo ninguna observación.;0;;De acuerdo.;0;;De acuerdo.;0;;De acuerdo.;0;;SI;0;;SI;0;;No;0;;A1;0;
11;07/03/2025 18:08;07/03/2025 18:22;hilopezc@udistrital.edu.co;HANS IGOR LOPEZ CHAVEZ;;;;Hans Igor López Chávez;0;;20;0;;Procesamiento estadístico de señales;0;;Totalmente de acuerdo.;0;;No.;0;;Totalmente de acuerdo.;0;;Incentivos a estudiantes como becas o asistencias.;0;;De acuerdo.;0;;Ninguna.;0;;Ni en acuerdo, ni en desacuerdo.;0;;No he participado.;0;;No sé.;0;;Totalmente de acuerdo.;0;;Ninguno.;0;;Totalmente de acuerdo.;0;;De acuerdo.;0;;Mejorar la oferta de cursos.;0;;Muy efectiva.;0;;Totalmente de acuerdo.;0;;Totalmente de acuerdo.;0;;Totalmente de acuerdo.;0;;Ninguno.;0;;Ni en acuerdo, ni en desacuerdo.;0;;No las conozco.;0;;Totalmente de acuerdo.;0;;Totalmente de acuerdo.;0;;Mejorar la oferta del acceso a bases de datos indexadas.;0;;Son efectivos.;0;;Totalmente de acuerdo.;0;;Totalmente de acuerdo.;0;;Totalmente de acuerdo.;0;;SI;0;;SI;0;;SI;0;;B2;0;
12;07/03/2025 19:16;07/03/2025 19:55;aespinel@udistrital.edu.co;ALVARO ESPINEL;;;;ALVARO ESPINEL ORTEGA;0;;25;0;;ENERGIA, COMUNICACIONES, SOFTWARE  Y AERONAUTICA;0;;De acuerdo.;0;;Se debe realizar un proceso de inducción en las asignaturas de seminario y por parte de bienestar universitario;0;;Totalmente de acuerdo.;0;;La política de admisiones debe incluir un acercamiento y promoción con el sector productivo.;0;;De acuerdo.;0;;Se debe aprovechar el proceso de reforma para actualizar el Estatuto Profesoral en concordancia con la sostenibilidad desde el punto de vista académico, científico y teniendo en cuenta los aspectos presupuestales. La política de estímulos debe estar en concordancia con la viabilidad económica de la Universidad y teniendo en cuenta los aportes y beneficios reales a la sociedad como resultados del ejercicio de la docencia e investigación.;0;;Totalmente de acuerdo.;0;;Dirección de convenios con entidades del sector como el Ministerio de Minas, UPME, IPSE, Secretaría de Desarrollo Económico del Distrito, ENEL-CODENSA, Equipos transversales de la Secretaría General de la Alcaldía Mayor de Bogotá, Departamento de Arauca-Gerente General-Empresa de Energía de Arauca.;0;;Los SAR (Servicios Académicos Remunerados) han sido la forma como se han recibido los estímulos en el marco de la Ley ;0;;De acuerdo.;0;;Considero que debería haber estímulos por la dirección de proyectos de investigación científica de manera similar al SAR.;0;;De acuerdo.;0;;De acuerdo.;0;;Que se puedan tomar asignaturas en otras Universidades del mismo nivel académico pública y/o privadas.;0;;Todos son pertinentes. Ninguno ha perdido vigencia.;0;;Totalmente de acuerdo.;0;;Totalmente de acuerdo.;0;;De acuerdo.;0;;Considero que la evaluación docente por parte de los estudiantes debería ser obligatoria. Esto permitiría tener una mayor información sobre los docentes.;0;;De acuerdo.;0;;Si bien es cierto hay convenios . Esto se debe mejorar. Se debe buscar la realización efectiva de convenios de cooperación que cuenten con recursos para proyectos concretos. ;0;;De acuerdo.;0;;De acuerdo.;0;;Considero que la Universidad ha hecho esfuerzos para atender esta necesidad. Sin embargo ampliar el acceso a mayor numero de bases de datos científicas seria pertinente.;0;;Considero que estudiantes y docentes participamos activamente. Motivar una mayor participación de los egresados es pertinente.;0;;De acuerdo.;0;;Totalmente de acuerdo.;0;;De acuerdo.;0;;SI;0;;SI;0;;SI;0;;B1;0;
13;09/03/2025 18:55;09/03/2025 19:31;aeortizd@udistrital.edu.co;Alvaro Enrique Ortiz Dávila;;;;Alvaro Enrique Ortiz Dávila;0;;15;0;;Geomática, Geocomputación, Ciencia de Datos Espaciales;0;;De acuerdo.;0;;Asegurarse que los nuevos estudiantes sepan que reglamentos existen y cómo conseguirlos;0;;De acuerdo.;0;;Los componentes de requisitos de grado (artículo y tesis) necesitan ser más formales en profundidad y forma;0;;De acuerdo.;0;;Que se pueda impartir modularmente las clases de la maestría;0;;Totalmente de acuerdo.;0;;Participación en seminarios y simposios de caracter científico y académico. Estos ayudan en la actualización de conocimientos, tendencias de investigación, redes y colaboraciones de pares;0;;Apoyo de estudios, participaciones en eventos y publicaciones;0;;Ni en acuerdo, ni en desacuerdo.;0;;Que se tengan en cuenta estudios de cursos o diplomados reacionados con las clases o lineas de investigación de los docentes e investigadores;0;;Ni en acuerdo, ni en desacuerdo.;0;;Ni en acuerdo, ni en desacuerdo.;0;;Los espacios de postgrado tanto de especializaciones y maestrías deben estandarizarsen en créditos y contenidos, esto los hace más eficientes y compatibles para la flexibilidad y disponibilidad ;0;;Como énfasis para ciencias de la información está bien, siempre y cuando no se confunda con maestría en teleinformática, ingeniería de software, geomática o IA ;0;;De acuerdo.;0;;De acuerdo.;0;;Ni en acuerdo, ni en desacuerdo.;0;;Derbería tenerse un líder por cada énfasis que se reuna con los profesore de las asignatutas y electivas del área y acuerden actualizaciones de forma conjunta y focalizarce en problemas de casos  (proyectos) por períodos académicos, o al menos por año;0;;De acuerdo.;0;;Es un aspecto que debe mejorar, tanto en la consecución de las cooperaciones como en los procesos institucionales;0;;De acuerdo.;0;;De acuerdo.;0;;Acceso real a las bases de datos ofrecidas por la biblioteca de la universidad. Identificación de revisras, eventos académicos y científicos relevantes por asignaturas y/o áreas y/o énfasis;0;;Desde la página de la maestría se puede promover un foro de intercambio de información para aspectos puramente académicos entre los egresados y la maestría. Con los estudiantes y profesores es más facil ya que tienen presencialidad en la universidad;0;;De acuerdo.;0;;De acuerdo.;0;;De acuerdo.;0;;SI;0;;SI;0;;SI;0;;B2;0;
14;11/03/2025 18:19;11/03/2025 18:40;aegaonab@udistrital.edu.co;Andres Gaona;;;;Andrés Eduardo Gaona Barrera;0;;18;0;;Inteligencia Computacional, Desarrollo Harware, Machine learning;0;;En desacuerdo.;0;;SENSIBILIZACIÓN DE CASOS FRECUENTES DE ESTUDIANTES, QUE PERMITAN SENSIBILIZAR SOBRE LA DINÁMICA DE LA UNIERSIDAD Y DE LA MAESTRÍA.;0;;De acuerdo.;0;;MANEJO DE PROCESOS DE INVESTIGACIÓN;0;;Ni en acuerdo, ni en desacuerdo.;0;;SELECCIÓN DE PUBLICACIONES Y PRODUCTOS RELEVANTES DE INTERÉS A NIVEL NACION E INTERNACIONAL, DE ACUERDO A LAS LINEAS DE INVESTIGACIÓN.;0;;De acuerdo.;0;;ACTUALIZACIONES TEÓRICAS O PRACTICAS A TRAVES DE PARTICIPACIONES EN CONGRESOS, CURSOS CORTOS O DE PROFUNDIZACIÓN ESPECIALIZADOS EN LAS LÍNEAS DE INVESTIGACIÓN.S;0;;INCENTIVOS SALARIALES;0;;De acuerdo.;0;;DE CALIDAD DE PRODUCCIÓN, PERTINENCIA A OBJETIVOS ACADÉMICOS INSTITUCIONALES;0;;Ni en acuerdo, ni en desacuerdo.;0;;De acuerdo.;0;;INTERACCIÓN CONSTANTE CON LOS PREGRADOS DE LA UNIVERSIDAD DISTRITAL, QUE PERMITAN UN PASO SENCILLO AL POSTGRADO.;0;;NO APLICA, DESCONOZCO INDICADORES DE IMPACTO O EVALUACIONES AL RESPECTO POR PARTE DE LA MAESTRÍA;0;;Ni en acuerdo, ni en desacuerdo.;0;;Ni en acuerdo, ni en desacuerdo.;0;;Ni en acuerdo, ni en desacuerdo.;0;;DIVULGACIÓN DE LA EFECTIVIDAD DE LOS MISMOS EN LOS DIFERENTES ESTAMENTOS VINCULADOS A LA MAESTRÍA.;0;;En desacuerdo.;0;;NO APLICA, DESCONOZCO INDICADORES DE IMPACTO O EVALUACIONES AL RESPECTO POR PARTE DE LA MAESTRÍA;0;;Ni en acuerdo, ni en desacuerdo.;0;;Ni en acuerdo, ni en desacuerdo.;0;;Acceso permanente a bases de datos especializadas, compra de material bibliográfico de los diferentes cursos impartidos o por línea de investigación.;0;;BAJA;0;;En desacuerdo.;0;;En desacuerdo.;0;;Ni en acuerdo, ni en desacuerdo.;0;;SI;0;;No;0;;;0;;B2;0;
15;13/03/2025 19:09;13/03/2025 19:31;rcardenas@udistrital.edu.co;JOSE ROBERTO CARDENAS;;;;José Roberto Cárdenas Castiblanco;0;;24;0;;Redes de Datod;0;;De acuerdo.;0;;Videos de acceso permanente;0;;De acuerdo.;0;;En este momento las considero adecuadas.;0;;De acuerdo.;0;;Tener mejores espacios para los profesores. La institución debe ser mas cercana a los profesores.;0;;De acuerdo.;0;;Obtención de la Escuela de CISCO. Es una mejora para la enseñanza de las redes de computadores.;0;;No tengo datos.;0;;De acuerdo.;0;;Publicar más.;0;;Ni en acuerdo, ni en desacuerdo.;0;;De acuerdo.;0;;Los considero buenos.;0;;Son buenos ya que el estudiante adquiere formación avanzada.;0;;De acuerdo.;0;;De acuerdo.;0;;De acuerdo.;0;;Se deberían valorar de forma sustancial aquellas inicitivas amigas del medio ambiente y conformes con el cambio climático.;0;;De acuerdo.;0;;Es buena.;0;;Ni en acuerdo, ni en desacuerdo.;0;;De acuerdo.;0;;Por lo menos debería estar completa la bibliografía contemplada en los Syllabus.;0;;Existen los consejos extendidos. Existe el escenario por tanto este aspecto se cumple.;0;;De acuerdo.;0;;De acuerdo.;0;;De acuerdo.;0;;SI;0;;No;0;;;0;;B2;0;
16;14/03/2025 16:24;14/03/2025 16:49;mrivasd@udistrital.edu.co;MARIAM RIVAS DIAZGRANADOS;;;;Mariam Rivas Diazgranados;0;;14;0;;Topografía, Vías, Percepción Remota;0;;De acuerdo.;0;;publicación en la pagina web, ;0;;De acuerdo.;0;;No tengo mucho conocimiento del manejo de la maestría lo cual me impide dar algún punto de vista al respecto;0;;Totalmente de acuerdo.;0;;Considero que el estatuto docente es claro, sin embargo la manera como se aplica la evaluación docente no me parece el mecanismo adecuado para calificar los docentes;0;;Totalmente de acuerdo.;0;;Seminarios de actualizacion, cursos cortos, diplomados por supuesto estar en constante capacitación y actualización permite brindar mejores conocimientos día a día a los estudiantes ;0;;Permite que los profesores puedan generar producción académica y así tener clasificados grupos de investigación ;0;;Totalmente de acuerdo.;0;;Ninguno;0;;En desacuerdo.;0;;Totalmente de acuerdo.;0;;Internacionalización, doble titulación;0;;Cada enfasis tiene su enfoque y considero que la efectividad es buena en los egresados;0;;Totalmente de acuerdo.;0;;Ni en acuerdo, ni en desacuerdo.;0;;Totalmente de acuerdo.;0;;Probablemente considero que en los módulos de trabajo de grado debe existir un mayor acompañamiento para los estudiantes.;0;;Ni en acuerdo, ni en desacuerdo.;0;;Importante puesto que se da a conocer la maestría en otros lugares, se pueden crear proyectos de cooperación e integración, , mayor presencia y visibilidad internacional de la UD;0;;Ni en acuerdo, ni en desacuerdo.;0;;Ni en acuerdo, ni en desacuerdo.;0;;Considero que las bases de datos que la universidad proporciona son buenas;0;;la opinión de los egresados siempre va aser importanmte para dar cuenta la importancia de la maestria en ele mercado por esto es bueno tener con regularidad contacto mediante encuestas y tener datos de desempeño de los egresados;0;;Totalmente de acuerdo.;0;;Totalmente de acuerdo.;0;;Totalmente de acuerdo.;0;;SI;0;;No;0;;;0;;B1;0;
17;14/03/2025 18:15;14/03/2025 18:28;egomez@udistrital.edu.co;GOMEZ VARGAS ERNESTO;;;;Ernesto Gomez Vargas;0;;23;0;;Inteligencia artificial, radares meteorológicos ;0;;De acuerdo.;0;;Jornadas de divulgación ;0;;De acuerdo.;0;;Los trabajos  de grado ;0;;De acuerdo.;0;;Socialización ;0;;De acuerdo.;0;;El doctorado ;0;;Aumentando los indicadores de producción ;0;;De acuerdo.;0;;Que se tengan en cuenta actividades administrativas ;0;;De acuerdo.;0;;De acuerdo.;0;;Que se dé más libertad en la selección de espacios académicos ;0;;Con el número de graduados;0;;De acuerdo.;0;;Ni en acuerdo, ni en desacuerdo.;0;;De acuerdo.;0;;Más compromiso del directores en los trabajos de grado ;0;;Ni en acuerdo, ni en desacuerdo.;0;;Algo pobre ;0;;Ni en acuerdo, ni en desacuerdo.;0;;De acuerdo.;0;;Tener acceso a más bases de datos ;0;;Hay pocas posibilidades para los estudiantes ;0;;De acuerdo.;0;;De acuerdo.;0;;De acuerdo.;0;;SI;0;;SI;0;;SI;0;;B1;0;
